file,method,line,statements,flow_blocks,classification
ddd-adaptor/src/main/java/com/ddd/adaptor/common/ApiExceptionHandler.java,handleDomainFallback,38,2,1,flow_checked
ddd-adaptor/src/main/java/com/ddd/adaptor/common/ApiExceptionHandler.java,handleRequestValidation,53,1,0,single_operation_or_constructor_review
ddd-adaptor/src/main/java/com/ddd/adaptor/common/ApiExceptionHandler.java,handleUnexpectedException,67,2,1,flow_checked
ddd-adaptor/src/main/java/com/ddd/adaptor/common/HttpResults.java,<init>,17,0,0,single_operation_or_constructor_review
ddd-adaptor/src/main/java/com/ddd/adaptor/common/HttpResults.java,capture,28,6,1,flow_checked
ddd-adaptor/src/main/java/com/ddd/adaptor/ddd/input/DddController.java,<init>,61,6,0,single_operation_or_constructor_review
ddd-adaptor/src/main/java/com/ddd/adaptor/ddd/input/DddController.java,write,83,9,1,flow_checked
ddd-adaptor/src/main/java/com/ddd/adaptor/ddd/input/DddController.java,query,108,9,1,flow_checked
ddd-adaptor/src/main/java/com/ddd/adaptor/ddd/input/DddController.java,calculate,133,9,1,flow_checked
ddd-adaptor/src/main/java/com/ddd/adaptor/ddd/input/DddController.java,calculateRule,160,9,1,flow_checked
ddd-adaptor/src/main/java/com/ddd/adaptor/ddd/input/DddController.java,queryExternal,186,9,1,flow_checked
ddd-adaptor/src/main/java/com/ddd/adaptor/ddd/input/assembler/DddInputAssembler.java,toCommand,43,6,1,flow_checked
ddd-adaptor/src/main/java/com/ddd/adaptor/ddd/input/assembler/DddInputAssembler.java,toCommand,63,4,1,flow_checked
ddd-adaptor/src/main/java/com/ddd/adaptor/ddd/input/assembler/DddInputAssembler.java,toReadCommand,83,3,1,flow_checked
ddd-adaptor/src/main/java/com/ddd/adaptor/ddd/input/assembler/DddInputAssembler.java,toExternalReadCommand,102,3,1,flow_checked
ddd-adaptor/src/main/java/com/ddd/adaptor/ddd/input/assembler/DddInputAssembler.java,toCommand,119,4,1,flow_checked
ddd-adaptor/src/main/java/com/ddd/adaptor/ddd/input/assembler/DddInputAssembler.java,toResponse,137,7,1,flow_checked
ddd-adaptor/src/main/java/com/ddd/adaptor/ddd/input/assembler/DddInputAssembler.java,toResponse,158,4,1,flow_checked
ddd-adaptor/src/main/java/com/ddd/adaptor/ddd/input/assembler/DddInputAssembler.java,toResponse,178,3,1,flow_checked
ddd-adaptor/src/main/java/com/ddd/adaptor/ddd/input/assembler/DddInputAssembler.java,toResponse,195,6,1,flow_checked
ddd-adaptor/src/main/java/com/ddd/adaptor/ddd/input/assembler/DddInputAssembler.java,toResponse,215,5,1,flow_checked
ddd-adaptor/src/main/java/com/ddd/adaptor/ddd/output/DddOutputAdaptorImpl.java,<init>,35,1,0,single_operation_or_constructor_review
ddd-adaptor/src/main/java/com/ddd/adaptor/ddd/output/DddOutputAdaptorImpl.java,query,48,11,1,flow_checked
ddd-adaptor/src/main/java/com/ddd/adaptor/ddd/output/DddOutputAdaptorImpl.java,invokeRemote,80,5,1,flow_checked
ddd-adaptor/src/main/java/com/ddd/adaptor/ddd/output/converter/DddOutputConverter.java,toExternalRequest,29,4,1,flow_checked
ddd-adaptor/src/main/java/com/ddd/adaptor/ddd/output/converter/DddOutputConverter.java,toDataObject,49,4,1,flow_checked
ddd-adaptor/src/main/java/com/ddd/adaptor/exception/AdaptorErrorCode.java,<init>,57,2,0,single_operation_or_constructor_review
ddd-adaptor/src/main/java/com/ddd/adaptor/exception/AdaptorErrorCode.java,code,69,1,0,single_operation_or_constructor_review
ddd-adaptor/src/main/java/com/ddd/adaptor/exception/AdaptorErrorCode.java,message,81,1,0,single_operation_or_constructor_review
ddd-adaptor/src/main/java/com/ddd/adaptor/exception/AdaptorException.java,<init>,18,1,0,single_operation_or_constructor_review
ddd-adaptor/src/main/java/com/ddd/adaptor/exception/AdaptorException.java,<init>,30,1,0,single_operation_or_constructor_review
ddd-application/src/main/java/com/ddd/application/ddd/assembler/DddApplicationAssembler.java,toDomainParam,45,7,1,flow_checked
ddd-application/src/main/java/com/ddd/application/ddd/assembler/DddApplicationAssembler.java,toDomainParam,66,4,1,flow_checked
ddd-application/src/main/java/com/ddd/application/ddd/assembler/DddApplicationAssembler.java,toDomainParam,84,4,1,flow_checked
ddd-application/src/main/java/com/ddd/application/ddd/assembler/DddApplicationAssembler.java,toResult,103,7,1,flow_checked
ddd-application/src/main/java/com/ddd/application/ddd/assembler/DddApplicationAssembler.java,toResult,126,6,1,flow_checked
ddd-application/src/main/java/com/ddd/application/ddd/assembler/DddApplicationAssembler.java,toResult,146,3,1,flow_checked
ddd-application/src/main/java/com/ddd/application/ddd/assembler/DddApplicationAssembler.java,toResult,163,5,1,flow_checked
ddd-application/src/main/java/com/ddd/application/ddd/assembler/DddApplicationAssembler.java,toResult,182,6,1,flow_checked
ddd-application/src/main/java/com/ddd/application/ddd/assembler/DddApplicationAssembler.java,toEntityView,206,5,1,flow_checked
ddd-application/src/main/java/com/ddd/application/ddd/service/DddCalculateApplication.java,<init>,25,2,0,single_operation_or_constructor_review
ddd-application/src/main/java/com/ddd/application/ddd/service/DddCalculateApplication.java,calculate,38,10,1,flow_checked
ddd-application/src/main/java/com/ddd/application/ddd/service/DddExternalReadApplication.java,<init>,26,2,0,single_operation_or_constructor_review
ddd-application/src/main/java/com/ddd/application/ddd/service/DddExternalReadApplication.java,query,39,9,1,flow_checked
ddd-application/src/main/java/com/ddd/application/ddd/service/DddReadApplication.java,<init>,34,2,0,single_operation_or_constructor_review
ddd-application/src/main/java/com/ddd/application/ddd/service/DddReadApplication.java,query,46,11,1,flow_checked
ddd-application/src/main/java/com/ddd/application/ddd/service/DddRuleApplication.java,<init>,27,2,0,single_operation_or_constructor_review
ddd-application/src/main/java/com/ddd/application/ddd/service/DddRuleApplication.java,calculate,40,10,1,flow_checked
ddd-application/src/main/java/com/ddd/application/ddd/service/DddWriteApplication.java,<init>,39,3,0,single_operation_or_constructor_review
ddd-application/src/main/java/com/ddd/application/ddd/service/DddWriteApplication.java,write,57,17,1,flow_checked
ddd-application/src/main/java/com/ddd/application/exception/ApplicationErrorCode.java,<init>,31,2,0,single_operation_or_constructor_review
ddd-application/src/main/java/com/ddd/application/exception/ApplicationErrorCode.java,code,43,1,0,single_operation_or_constructor_review
ddd-application/src/main/java/com/ddd/application/exception/ApplicationErrorCode.java,message,55,1,0,single_operation_or_constructor_review
ddd-common/src/main/java/com/ddd/common/error/BaseException.java,<init>,20,2,0,single_operation_or_constructor_review
ddd-common/src/main/java/com/ddd/common/error/BaseException.java,<init>,25,2,0,single_operation_or_constructor_review
ddd-common/src/main/java/com/ddd/common/error/BaseException.java,errorCode,37,1,0,single_operation_or_constructor_review
ddd-common/src/main/java/com/ddd/common/error/Failures.java,<init>,11,0,0,single_operation_or_constructor_review
ddd-common/src/main/java/com/ddd/common/error/Failures.java,capture,23,4,1,flow_checked
ddd-common/src/main/java/com/ddd/common/result/Result.java,success,29,1,0,single_operation_or_constructor_review
ddd-common/src/main/java/com/ddd/common/result/Result.java,failure,41,1,0,single_operation_or_constructor_review
ddd-common/src/main/java/com/ddd/common/result/Result.java,failure,54,1,0,single_operation_or_constructor_review
ddd-common/src/main/java/com/ddd/common/result/Result.java,map,66,3,1,flow_checked
ddd-domain/src/main/java/com/ddd/domain/ddd/exception/DomainErrorCode.java,<init>,67,2,0,single_operation_or_constructor_review
ddd-domain/src/main/java/com/ddd/domain/ddd/exception/DomainErrorCode.java,code,79,1,0,single_operation_or_constructor_review
ddd-domain/src/main/java/com/ddd/domain/ddd/exception/DomainErrorCode.java,message,91,1,0,single_operation_or_constructor_review
ddd-domain/src/main/java/com/ddd/domain/ddd/exception/DomainException.java,<init>,20,1,0,single_operation_or_constructor_review
ddd-domain/src/main/java/com/ddd/domain/ddd/exception/DomainException.java,<init>,32,1,0,single_operation_or_constructor_review
ddd-domain/src/main/java/com/ddd/domain/ddd/model/aggregate/DddAggregate.java,<init>,29,1,0,single_operation_or_constructor_review
ddd-domain/src/main/java/com/ddd/domain/ddd/model/aggregate/DddAggregate.java,of,41,1,0,single_operation_or_constructor_review
ddd-domain/src/main/java/com/ddd/domain/ddd/model/aggregate/DddAggregate.java,draft,60,3,1,flow_checked
ddd-domain/src/main/java/com/ddd/domain/ddd/model/aggregate/DddAggregate.java,requiredPendingOperation,78,1,0,single_operation_or_constructor_review
ddd-domain/src/main/java/com/ddd/domain/ddd/model/aggregate/DddAggregate.java,id,89,1,0,single_operation_or_constructor_review
ddd-domain/src/main/java/com/ddd/domain/ddd/model/aggregate/DddAggregate.java,findOperation,101,1,0,single_operation_or_constructor_review
ddd-domain/src/main/java/com/ddd/domain/ddd/model/aggregate/DddAggregate.java,confirm,115,1,0,single_operation_or_constructor_review
ddd-domain/src/main/java/com/ddd/domain/ddd/model/aggregate/DddAggregate.java,currentValue,127,1,0,single_operation_or_constructor_review
ddd-domain/src/main/java/com/ddd/domain/ddd/model/aggregate/DddAggregate.java,entity,138,1,0,single_operation_or_constructor_review
ddd-domain/src/main/java/com/ddd/domain/ddd/model/aggregate/DddRuleAggregate.java,<init>,31,1,0,single_operation_or_constructor_review
ddd-domain/src/main/java/com/ddd/domain/ddd/model/aggregate/DddRuleAggregate.java,evaluate,43,1,0,single_operation_or_constructor_review
ddd-domain/src/main/java/com/ddd/domain/ddd/model/aggregate/DddRuleAggregate.java,ruleCode,54,1,0,single_operation_or_constructor_review
ddd-domain/src/main/java/com/ddd/domain/ddd/model/aggregate/DddRuleAggregate.java,factor,65,1,0,single_operation_or_constructor_review
ddd-domain/src/main/java/com/ddd/domain/ddd/model/aggregate/DddRuleAggregate.java,reason,76,1,0,single_operation_or_constructor_review
ddd-domain/src/main/java/com/ddd/domain/ddd/model/entity/DddEntity.java,<init>,50,4,0,single_operation_or_constructor_review
ddd-domain/src/main/java/com/ddd/domain/ddd/model/entity/DddEntity.java,open,68,1,0,single_operation_or_constructor_review
ddd-domain/src/main/java/com/ddd/domain/ddd/model/entity/DddEntity.java,draft,82,1,0,single_operation_or_constructor_review
ddd-domain/src/main/java/com/ddd/domain/ddd/model/entity/DddEntity.java,draft,98,6,1,flow_checked
ddd-domain/src/main/java/com/ddd/domain/ddd/model/entity/DddEntity.java,restore,121,1,0,single_operation_or_constructor_review
ddd-domain/src/main/java/com/ddd/domain/ddd/model/entity/DddEntity.java,requiredPendingOperation,136,3,1,flow_checked
ddd-domain/src/main/java/com/ddd/domain/ddd/model/entity/DddEntity.java,confirm,155,7,1,flow_checked
ddd-domain/src/main/java/com/ddd/domain/ddd/model/entity/DddEntity.java,findOperation,177,2,0,single_operation_or_constructor_review
ddd-domain/src/main/java/com/ddd/domain/ddd/model/entity/DddEntity.java,id,189,1,0,single_operation_or_constructor_review
ddd-domain/src/main/java/com/ddd/domain/ddd/model/entity/DddEntity.java,currentValue,199,1,0,single_operation_or_constructor_review
ddd-domain/src/main/java/com/ddd/domain/ddd/model/entity/DddEntity.java,version,209,1,0,single_operation_or_constructor_review
ddd-domain/src/main/java/com/ddd/domain/ddd/model/entity/DddEntity.java,operationEntities,219,1,0,single_operation_or_constructor_review
ddd-domain/src/main/java/com/ddd/domain/ddd/model/entity/DddOperationEntity.java,<init>,38,4,0,single_operation_or_constructor_review
ddd-domain/src/main/java/com/ddd/domain/ddd/model/entity/DddOperationEntity.java,pending,56,1,0,single_operation_or_constructor_review
ddd-domain/src/main/java/com/ddd/domain/ddd/model/entity/DddOperationEntity.java,confirm,69,3,1,flow_checked
ddd-domain/src/main/java/com/ddd/domain/ddd/model/entity/DddOperationEntity.java,pending,85,1,0,single_operation_or_constructor_review
ddd-domain/src/main/java/com/ddd/domain/ddd/model/entity/DddRuleEntity.java,<init>,27,4,0,single_operation_or_constructor_review
ddd-domain/src/main/java/com/ddd/domain/ddd/model/entity/DddRuleEntity.java,evaluate,44,5,1,flow_checked
ddd-domain/src/main/java/com/ddd/domain/ddd/model/param/DddCalculateParam.java,<init>,24,2,0,single_operation_or_constructor_review
ddd-domain/src/main/java/com/ddd/domain/ddd/model/param/DddRuleParam.java,<init>,24,4,0,single_operation_or_constructor_review
ddd-domain/src/main/java/com/ddd/domain/ddd/model/param/DddWriteParam.java,<init>,22,2,0,single_operation_or_constructor_review
ddd-domain/src/main/java/com/ddd/domain/ddd/model/value/DddIdValue.java,<init>,21,2,0,single_operation_or_constructor_review
ddd-domain/src/main/java/com/ddd/domain/ddd/model/value/DddOperationIdValue.java,<init>,21,2,0,single_operation_or_constructor_review
ddd-domain/src/main/java/com/ddd/domain/ddd/model/value/DddValue.java,<init>,19,2,0,single_operation_or_constructor_review
ddd-domain/src/main/java/com/ddd/domain/ddd/model/value/DddValue.java,positive,32,3,1,flow_checked
ddd-domain/src/main/java/com/ddd/domain/ddd/model/value/DddValue.java,add,48,1,0,single_operation_or_constructor_review
ddd-domain/src/main/java/com/ddd/domain/ddd/model/value/DddValue.java,multiply,59,3,1,flow_checked
ddd-domain/src/main/java/com/ddd/domain/ddd/service/DddCalculateDomainService.java,calculate,36,11,1,flow_checked
ddd-domain/src/main/java/com/ddd/domain/ddd/service/DddRuleDomainService.java,<init>,33,1,0,single_operation_or_constructor_review
ddd-domain/src/main/java/com/ddd/domain/ddd/service/DddRuleDomainService.java,calculate,44,11,1,flow_checked
ddd-domain/src/main/java/com/ddd/domain/ddd/service/DddWriteDomainService.java,<init>,42,2,0,single_operation_or_constructor_review
ddd-domain/src/main/java/com/ddd/domain/ddd/service/DddWriteDomainService.java,write,54,25,1,flow_checked
ddd-infrastructure/src/main/java/com/ddd/infrastructure/ddd/mysql/pojo/DddPO.java,getId,56,1,0,single_operation_or_constructor_review
ddd-infrastructure/src/main/java/com/ddd/infrastructure/ddd/mysql/pojo/DddPO.java,setId,67,1,0,single_operation_or_constructor_review
ddd-infrastructure/src/main/java/com/ddd/infrastructure/ddd/mysql/pojo/DddPO.java,getCurrentValue,78,1,0,single_operation_or_constructor_review
ddd-infrastructure/src/main/java/com/ddd/infrastructure/ddd/mysql/pojo/DddPO.java,setCurrentValue,89,1,0,single_operation_or_constructor_review
ddd-infrastructure/src/main/java/com/ddd/infrastructure/ddd/mysql/pojo/DddPO.java,getVersion,100,1,0,single_operation_or_constructor_review
ddd-infrastructure/src/main/java/com/ddd/infrastructure/ddd/mysql/pojo/DddPO.java,setVersion,111,1,0,single_operation_or_constructor_review
ddd-infrastructure/src/main/java/com/ddd/infrastructure/ddd/mysql/pojo/DddPO.java,getEntitiesJson,122,1,0,single_operation_or_constructor_review
ddd-infrastructure/src/main/java/com/ddd/infrastructure/ddd/mysql/pojo/DddPO.java,setEntitiesJson,133,1,0,single_operation_or_constructor_review
ddd-infrastructure/src/main/java/com/ddd/infrastructure/ddd/mysql/pojo/DddRulePO.java,getRuleCode,44,1,0,single_operation_or_constructor_review
ddd-infrastructure/src/main/java/com/ddd/infrastructure/ddd/mysql/pojo/DddRulePO.java,setRuleCode,55,1,0,single_operation_or_constructor_review
ddd-infrastructure/src/main/java/com/ddd/infrastructure/ddd/mysql/pojo/DddRulePO.java,getFactor,66,1,0,single_operation_or_constructor_review
ddd-infrastructure/src/main/java/com/ddd/infrastructure/ddd/mysql/pojo/DddRulePO.java,setFactor,77,1,0,single_operation_or_constructor_review
ddd-infrastructure/src/main/java/com/ddd/infrastructure/ddd/mysql/pojo/DddRulePO.java,getReason,88,1,0,single_operation_or_constructor_review
ddd-infrastructure/src/main/java/com/ddd/infrastructure/ddd/mysql/pojo/DddRulePO.java,setReason,99,1,0,single_operation_or_constructor_review
ddd-infrastructure/src/main/java/com/ddd/infrastructure/ddd/repository/DddRepositoryImpl.java,<init>,45,1,0,single_operation_or_constructor_review
ddd-infrastructure/src/main/java/com/ddd/infrastructure/ddd/repository/DddRepositoryImpl.java,findById,57,12,1,flow_checked
ddd-infrastructure/src/main/java/com/ddd/infrastructure/ddd/repository/DddRepositoryImpl.java,save,87,6,1,flow_checked
ddd-infrastructure/src/main/java/com/ddd/infrastructure/ddd/repository/DddRepositoryImpl.java,toDddPO,110,8,1,flow_checked
ddd-infrastructure/src/main/java/com/ddd/infrastructure/ddd/repository/DddRepositoryImpl.java,writeOperationEntities,131,5,1,flow_checked
ddd-infrastructure/src/main/java/com/ddd/infrastructure/ddd/repository/DddRepositoryImpl.java,readOperationEntities,150,9,2,flow_checked
ddd-infrastructure/src/main/java/com/ddd/infrastructure/ddd/repository/DddRuleRepositoryImpl.java,getRequiredByRuleCode,31,5,1,flow_checked
ddd-infrastructure/src/main/java/com/ddd/infrastructure/exception/InfrastructureErrorCode.java,<init>,37,2,0,single_operation_or_constructor_review
ddd-infrastructure/src/main/java/com/ddd/infrastructure/exception/InfrastructureErrorCode.java,code,49,1,0,single_operation_or_constructor_review
ddd-infrastructure/src/main/java/com/ddd/infrastructure/exception/InfrastructureErrorCode.java,message,61,1,0,single_operation_or_constructor_review
ddd-infrastructure/src/main/java/com/ddd/infrastructure/exception/InfrastructureException.java,<init>,20,1,0,single_operation_or_constructor_review
ddd-infrastructure/src/main/java/com/ddd/infrastructure/exception/InfrastructureException.java,<init>,32,1,0,single_operation_or_constructor_review
ddd-start/src/main/java/com/ddd/start/Application.java,main,23,1,0,single_operation_or_constructor_review
ddd-start/src/main/java/com/ddd/start/config/database/MybatisPlusConfiguration.java,mybatisPlusInterceptor,22,3,1,flow_checked
